{
  "images" : [
    {
      "extent" : "full-screen",
      "filename" : "x:xs-1.png",
      "idiom" : "iphone",
      "minimum-system-version" : "12.0",
      "orientation" : "portrait",
      "scale" : "3x",
      "subtype" : "2688h"
    },
    {
      "extent" : "full-screen",
      "filename" : "SDA.png",
      "idiom" : "iphone",
      "minimum-system-version" : "12.0",
      "orientation" : "portrait",
      "scale" : "2x",
      "subtype" : "1792h"
    },
    {
      "extent" : "full-screen",
      "filename" : "x:xs.png",
      "idiom" : "iphone",
      "minimum-system-version" : "11.0",
      "orientation" : "portrait",
      "scale" : "3x",
      "subtype" : "2436h"
    },
    {
      "extent" : "full-screen",
      "filename" : "5.5HD.png",
      "idiom" : "iphone",
      "minimum-system-version" : "8.0",
      "orientation" : "portrait",
      "scale" : "3x",
      "subtype" : "736h"
    },
    {
      "extent" : "full-screen",
      "filename" : "4.7HD.png",
      "idiom" : "iphone",
      "minimum-system-version" : "8.0",
      "orientation" : "portrait",
      "scale" : "2x",
      "subtype" : "667h"
    },
    {
      "extent" : "full-screen",
      "filename" : "2X.png",
      "idiom" : "iphone",
      "minimum-system-version" : "7.0",
      "orientation" : "portrait",
      "scale" : "2x"
    },
    {
      "extent" : "full-screen",
      "filename" : "R4.png",
      "idiom" : "iphone",
      "minimum-system-version" : "7.0",
      "orientation" : "portrait",
      "scale" : "2x",
      "subtype" : "retina4"
    }
  ],
  "info" : {
    "author" : "xcode",
    "version" : 1
  }
}
